"Method","Name","# requests","# failures","Median response time","Average response time","Min response time","Max response time","Average Content Size","Requests/s"
"POST","/projects",360,0,230,313,35,1501,245,3.83
"DELETE","/projects/6202",1,0,224,224,224,224,2,0.01
"DELETE","/projects/6203",1,0,177,177,177,177,2,0.01
"DELETE","/projects/6204",1,0,301,301,301,301,2,0.01
"DELETE","/projects/6205",1,0,334,334,334,334,2,0.01
"DELETE","/projects/6206",1,0,326,326,326,326,2,0.01
"DELETE","/projects/6207",1,0,255,255,255,255,2,0.01
"DELETE","/projects/6208",1,0,258,258,258,258,2,0.01
"DELETE","/projects/6209",1,0,340,340,340,340,2,0.01
"DELETE","/projects/6210",1,0,250,250,250,250,2,0.01
"DELETE","/projects/6211",1,0,251,251,251,251,2,0.01
"DELETE","/projects/6212",1,0,179,179,179,179,2,0.01
"DELETE","/projects/6213",1,0,282,282,282,282,2,0.01
"DELETE","/projects/6214",1,0,184,184,184,184,2,0.01
"DELETE","/projects/6215",1,0,418,418,418,418,2,0.01
"DELETE","/projects/6216",1,0,295,295,295,295,2,0.01
"DELETE","/projects/6217",1,0,392,392,392,392,2,0.01
"DELETE","/projects/6218",1,0,266,266,266,266,2,0.01
"DELETE","/projects/6219",1,0,247,247,247,247,2,0.01
"DELETE","/projects/6220",1,0,77,77,77,77,2,0.01
"DELETE","/projects/6221",1,0,130,130,130,130,2,0.01
"DELETE","/projects/6222",1,0,45,45,45,45,2,0.01
"DELETE","/projects/6223",1,0,264,264,264,264,2,0.01
"DELETE","/projects/6224",1,0,100,100,100,100,2,0.01
"DELETE","/projects/6225",1,0,215,215,215,215,2,0.01
"DELETE","/projects/6226",1,0,292,292,292,292,2,0.01
"DELETE","/projects/6227",1,0,123,123,123,123,2,0.01
"DELETE","/projects/6228",1,0,129,129,129,129,2,0.01
"DELETE","/projects/6229",1,0,144,144,144,144,2,0.01
"DELETE","/projects/6230",1,0,487,487,487,487,2,0.01
"DELETE","/projects/6231",1,0,175,175,175,175,2,0.01
"DELETE","/projects/6232",1,0,326,326,326,326,2,0.01
"DELETE","/projects/6233",1,0,531,531,531,531,2,0.01
"DELETE","/projects/6234",1,0,214,214,214,214,2,0.01
"DELETE","/projects/6235",1,0,118,118,118,118,2,0.01
"DELETE","/projects/6236",1,0,373,373,373,373,2,0.01
"DELETE","/projects/6237",1,0,157,157,157,157,2,0.01
"DELETE","/projects/6238",1,0,147,147,147,147,2,0.01
"DELETE","/projects/6239",1,0,214,214,214,214,2,0.01
"DELETE","/projects/6240",1,0,496,496,496,496,2,0.01
"DELETE","/projects/6241",1,0,72,72,72,72,2,0.01
"DELETE","/projects/6242",1,0,641,641,641,641,2,0.01
"DELETE","/projects/6243",1,0,605,605,605,605,2,0.01
"DELETE","/projects/6244",1,0,157,157,157,157,2,0.01
"DELETE","/projects/6245",1,0,299,299,299,299,2,0.01
"DELETE","/projects/6246",1,0,114,114,114,114,2,0.01
"DELETE","/projects/6247",1,0,164,164,164,164,2,0.01
"DELETE","/projects/6248",1,0,203,203,203,203,2,0.01
"DELETE","/projects/6249",1,0,162,162,162,162,2,0.01
"DELETE","/projects/6250",1,0,135,135,135,135,2,0.01
"DELETE","/projects/6251",1,0,99,99,99,99,2,0.01
"DELETE","/projects/6252",1,0,174,174,174,174,2,0.01
"DELETE","/projects/6253",1,0,98,98,98,98,2,0.01
"DELETE","/projects/6254",1,0,97,97,97,97,2,0.01
"DELETE","/projects/6255",1,0,110,110,110,110,2,0.01
"DELETE","/projects/6256",1,0,119,119,119,119,2,0.01
"DELETE","/projects/6257",1,0,68,68,68,68,2,0.01
"DELETE","/projects/6258",1,0,316,316,316,316,2,0.01
"DELETE","/projects/6259",1,0,149,149,149,149,2,0.01
"DELETE","/projects/6260",1,0,451,451,451,451,2,0.01
"DELETE","/projects/6261",1,0,1348,1348,1348,1348,2,0.01
"DELETE","/projects/6262",1,0,1299,1299,1299,1299,2,0.01
"DELETE","/projects/6263",1,0,958,958,958,958,2,0.01
"DELETE","/projects/6264",1,0,958,958,958,958,2,0.01
"DELETE","/projects/6265",1,0,936,936,936,936,2,0.01
"DELETE","/projects/6266",1,0,878,878,878,878,2,0.01
"DELETE","/projects/6267",1,0,767,767,767,767,2,0.01
"DELETE","/projects/6268",1,0,869,869,869,869,2,0.01
"DELETE","/projects/6269",1,0,1077,1077,1077,1077,2,0.01
"DELETE","/projects/6270",1,0,572,572,572,572,2,0.01
"DELETE","/projects/6271",1,0,515,515,515,515,2,0.01
"DELETE","/projects/6272",1,0,428,428,428,428,2,0.01
"DELETE","/projects/6273",1,0,426,426,426,426,2,0.01
"DELETE","/projects/6274",1,0,300,300,300,300,2,0.01
"DELETE","/projects/6275",1,0,445,445,445,445,2,0.01
"DELETE","/projects/6276",1,0,300,300,300,300,2,0.01
"DELETE","/projects/6277",1,0,225,225,225,225,2,0.01
"DELETE","/projects/6278",1,0,193,193,193,193,2,0.01
"DELETE","/projects/6279",1,0,304,304,304,304,2,0.01
"DELETE","/projects/6280",1,0,309,309,309,309,2,0.01
"DELETE","/projects/6281",1,0,310,310,310,310,2,0.01
"DELETE","/projects/6282",1,0,338,338,338,338,2,0.01
"DELETE","/projects/6283",1,0,413,413,413,413,2,0.01
"DELETE","/projects/6284",1,0,411,411,411,411,2,0.01
"DELETE","/projects/6285",1,0,133,133,133,133,2,0.01
"DELETE","/projects/6286",1,0,592,592,592,592,2,0.01
"DELETE","/projects/6287",1,0,153,153,153,153,2,0.01
"DELETE","/projects/6288",1,0,237,237,237,237,2,0.01
"DELETE","/projects/6289",1,0,260,260,260,260,2,0.01
"DELETE","/projects/6290",1,0,183,183,183,183,2,0.01
"DELETE","/projects/6291",1,0,231,231,231,231,2,0.01
"DELETE","/projects/6292",1,0,147,147,147,147,2,0.01
"DELETE","/projects/6293",1,0,147,147,147,147,2,0.01
"DELETE","/projects/6294",1,0,501,501,501,501,2,0.01
"DELETE","/projects/6295",1,0,178,178,178,178,2,0.01
"DELETE","/projects/6296",1,0,318,318,318,318,2,0.01
"DELETE","/projects/6297",1,0,715,715,715,715,2,0.01
"DELETE","/projects/6298",1,0,525,525,525,525,2,0.01
"DELETE","/projects/6299",1,0,700,700,700,700,2,0.01
"DELETE","/projects/6300",1,0,284,284,284,284,2,0.01
"DELETE","/projects/6301",1,0,180,180,180,180,2,0.01
"DELETE","/projects/6302",1,0,333,333,333,333,2,0.01
"DELETE","/projects/6303",1,0,111,111,111,111,2,0.01
"DELETE","/projects/6304",1,0,162,162,162,162,2,0.01
"DELETE","/projects/6305",1,0,162,162,162,162,2,0.01
"DELETE","/projects/6306",1,0,420,420,420,420,2,0.01
"DELETE","/projects/6307",1,0,344,344,344,344,2,0.01
"DELETE","/projects/6308",1,0,419,419,419,419,2,0.01
"DELETE","/projects/6309",1,0,405,405,405,405,2,0.01
"DELETE","/projects/6310",1,0,253,253,253,253,2,0.01
"DELETE","/projects/6311",1,0,380,380,380,380,2,0.01
"DELETE","/projects/6312",1,0,670,670,670,670,2,0.01
"DELETE","/projects/6313",1,0,736,736,736,736,2,0.01
"DELETE","/projects/6314",1,0,735,735,735,735,2,0.01
"DELETE","/projects/6315",1,0,491,491,491,491,2,0.01
"DELETE","/projects/6316",1,0,469,469,469,469,2,0.01
"DELETE","/projects/6317",1,0,250,250,250,250,2,0.01
"DELETE","/projects/6318",1,0,147,147,147,147,2,0.01
"DELETE","/projects/6319",1,0,179,179,179,179,2,0.01
"DELETE","/projects/6320",1,0,155,155,155,155,2,0.01
"DELETE","/projects/6321",1,0,238,238,238,238,2,0.01
"DELETE","/projects/6322",1,0,231,231,231,231,2,0.01
"DELETE","/projects/6323",1,0,62,62,62,62,2,0.01
"DELETE","/projects/6324",1,0,77,77,77,77,2,0.01
"DELETE","/projects/6325",1,0,78,78,78,78,2,0.01
"DELETE","/projects/6326",1,0,66,66,66,66,2,0.01
"DELETE","/projects/6327",1,0,107,107,107,107,2,0.01
"DELETE","/projects/6328",1,0,432,432,432,432,2,0.01
"DELETE","/projects/6329",1,0,594,594,594,594,2,0.01
"DELETE","/projects/6330",1,0,554,554,554,554,2,0.01
"DELETE","/projects/6331",1,0,518,518,518,518,2,0.01
"DELETE","/projects/6332",1,0,814,814,814,814,2,0.01
"DELETE","/projects/6333",1,0,576,576,576,576,2,0.01
"DELETE","/projects/6334",1,0,387,387,387,387,2,0.01
"DELETE","/projects/6335",1,0,858,858,858,858,2,0.01
"DELETE","/projects/6336",1,0,620,620,620,620,2,0.01
"DELETE","/projects/6337",1,0,630,630,630,630,2,0.01
"DELETE","/projects/6338",1,0,426,426,426,426,2,0.01
"DELETE","/projects/6339",1,0,400,400,400,400,2,0.01
"DELETE","/projects/6340",1,0,270,270,270,270,2,0.01
"DELETE","/projects/6341",1,0,166,166,166,166,2,0.01
"DELETE","/projects/6342",1,0,127,127,127,127,2,0.01
"DELETE","/projects/6343",1,0,187,187,187,187,2,0.01
"DELETE","/projects/6344",1,0,271,271,271,271,2,0.01
"DELETE","/projects/6345",1,0,58,58,58,58,2,0.01
"DELETE","/projects/6346",1,0,66,66,66,66,2,0.01
"DELETE","/projects/6347",1,0,66,66,66,66,2,0.01
"DELETE","/projects/6348",1,0,123,123,123,123,2,0.01
"DELETE","/projects/6349",1,0,78,78,78,78,2,0.01
"DELETE","/projects/6350",1,0,213,213,213,213,2,0.01
"DELETE","/projects/6351",1,0,137,137,137,137,2,0.01
"DELETE","/projects/6352",1,0,199,199,199,199,2,0.01
"DELETE","/projects/6353",1,0,121,121,121,121,2,0.01
"DELETE","/projects/6354",1,0,342,342,342,342,2,0.01
"DELETE","/projects/6355",1,0,754,754,754,754,2,0.01
"DELETE","/projects/6356",1,0,143,143,143,143,2,0.01
"DELETE","/projects/6357",1,0,520,520,520,520,2,0.01
"DELETE","/projects/6358",1,0,167,167,167,167,2,0.01
"DELETE","/projects/6359",1,0,286,286,286,286,2,0.01
"DELETE","/projects/6360",1,0,364,364,364,364,2,0.01
"DELETE","/projects/6361",1,0,284,284,284,284,2,0.01
"DELETE","/projects/6362",1,0,447,447,447,447,2,0.01
"DELETE","/projects/6363",1,0,279,279,279,279,2,0.01
"DELETE","/projects/6364",1,0,360,360,360,360,2,0.01
"DELETE","/projects/6365",1,0,404,404,404,404,2,0.01
"DELETE","/projects/6366",1,0,292,292,292,292,2,0.01
"DELETE","/projects/6367",1,0,313,313,313,313,2,0.01
"DELETE","/projects/6368",1,0,314,314,314,314,2,0.01
"DELETE","/projects/6369",1,0,215,215,215,215,2,0.01
"DELETE","/projects/6370",1,0,97,97,97,97,2,0.01
"DELETE","/projects/6371",1,0,135,135,135,135,2,0.01
"DELETE","/projects/6372",1,0,75,75,75,75,2,0.01
"DELETE","/projects/6373",1,0,75,75,75,75,2,0.01
"DELETE","/projects/6374",1,0,138,138,138,138,2,0.01
"DELETE","/projects/6375",1,0,51,51,51,51,2,0.01
"DELETE","/projects/6376",1,0,110,110,110,110,2,0.01
"DELETE","/projects/6377",1,0,76,76,76,76,2,0.01
"DELETE","/projects/6378",1,0,89,89,89,89,2,0.01
"DELETE","/projects/6379",1,0,112,112,112,112,2,0.01
"DELETE","/projects/6380",1,0,251,251,251,251,2,0.01
"DELETE","/projects/6381",1,0,213,213,213,213,2,0.01
"DELETE","/projects/6382",1,0,291,291,291,291,2,0.01
"DELETE","/projects/6383",1,0,313,313,313,313,2,0.01
"DELETE","/projects/6384",1,0,229,229,229,229,2,0.01
"DELETE","/projects/6385",1,0,213,213,213,213,2,0.01
"DELETE","/projects/6386",1,0,301,301,301,301,2,0.01
"DELETE","/projects/6387",1,0,228,228,228,228,2,0.01
"DELETE","/projects/6388",1,0,104,104,104,104,2,0.01
"DELETE","/projects/6389",1,0,233,233,233,233,2,0.01
"DELETE","/projects/6390",1,0,364,364,364,364,2,0.01
"DELETE","/projects/6391",1,0,76,76,76,76,2,0.01
"DELETE","/projects/6392",1,0,104,104,104,104,2,0.01
"DELETE","/projects/6393",1,0,62,62,62,62,2,0.01
"DELETE","/projects/6394",1,0,133,133,133,133,2,0.01
"DELETE","/projects/6395",1,0,319,319,319,319,2,0.01
"DELETE","/projects/6396",1,0,150,150,150,150,2,0.01
"DELETE","/projects/6397",1,0,61,61,61,61,2,0.01
"DELETE","/projects/6398",1,0,69,69,69,69,2,0.01
"DELETE","/projects/6399",1,0,65,65,65,65,2,0.01
"DELETE","/projects/6400",1,0,124,124,124,124,2,0.01
"DELETE","/projects/6401",1,0,165,165,165,165,2,0.01
"DELETE","/projects/6402",1,0,147,147,147,147,2,0.01
"DELETE","/projects/6403",1,0,172,172,172,172,2,0.01
"DELETE","/projects/6404",1,0,170,170,170,170,2,0.01
"DELETE","/projects/6405",1,0,350,350,350,350,2,0.01
"DELETE","/projects/6406",1,0,214,214,214,214,2,0.01
"DELETE","/projects/6407",1,0,188,188,188,188,2,0.01
"DELETE","/projects/6408",1,0,126,126,126,126,2,0.01
"DELETE","/projects/6409",1,0,130,130,130,130,2,0.01
"DELETE","/projects/6410",1,0,81,81,81,81,2,0.01
"DELETE","/projects/6411",1,0,99,99,99,99,2,0.01
"DELETE","/projects/6412",1,0,98,98,98,98,2,0.01
"DELETE","/projects/6413",1,0,55,55,55,55,2,0.01
"DELETE","/projects/6414",1,0,104,104,104,104,2,0.01
"DELETE","/projects/6415",1,0,69,69,69,69,2,0.01
"DELETE","/projects/6416",1,0,100,100,100,100,2,0.01
"DELETE","/projects/6417",1,0,66,66,66,66,2,0.01
"DELETE","/projects/6418",1,0,162,162,162,162,2,0.01
"DELETE","/projects/6419",1,0,86,86,86,86,2,0.01
"DELETE","/projects/6420",1,0,443,443,443,443,2,0.01
"DELETE","/projects/6421",1,0,272,272,272,272,2,0.01
"DELETE","/projects/6422",1,0,160,160,160,160,2,0.01
"DELETE","/projects/6423",1,0,176,176,176,176,2,0.01
"DELETE","/projects/6424",1,0,127,127,127,127,2,0.01
"DELETE","/projects/6425",1,0,220,220,220,220,2,0.01
"DELETE","/projects/6426",1,0,34,34,34,34,2,0.01
"DELETE","/projects/6427",1,0,72,72,72,72,2,0.01
"DELETE","/projects/6428",1,0,31,31,31,31,2,0.01
"DELETE","/projects/6429",1,0,391,391,391,391,2,0.01
"DELETE","/projects/6430",1,0,292,292,292,292,2,0.01
"DELETE","/projects/6431",1,0,292,292,292,292,2,0.01
"DELETE","/projects/6432",1,0,212,212,212,212,2,0.01
"DELETE","/projects/6433",1,0,366,366,366,366,2,0.01
"DELETE","/projects/6434",1,0,228,228,228,228,2,0.01
"DELETE","/projects/6435",1,0,215,215,215,215,2,0.01
"DELETE","/projects/6436",1,0,118,118,118,118,2,0.01
"DELETE","/projects/6437",1,0,110,110,110,110,2,0.01
"DELETE","/projects/6438",1,0,81,81,81,81,2,0.01
"DELETE","/projects/6439",1,0,170,170,170,170,2,0.01
"DELETE","/projects/6440",1,0,111,111,111,111,2,0.01
"DELETE","/projects/6441",1,0,41,41,41,41,2,0.01
"DELETE","/projects/6442",1,0,32,32,32,32,2,0.01
"DELETE","/projects/6443",1,0,85,85,85,85,2,0.01
"DELETE","/projects/6444",1,0,77,77,77,77,2,0.01
"DELETE","/projects/6445",1,0,117,117,117,117,2,0.01
"DELETE","/projects/6446",1,0,148,148,148,148,2,0.01
"DELETE","/projects/6447",1,0,156,156,156,156,2,0.01
"DELETE","/projects/6448",1,0,129,129,129,129,2,0.01
"DELETE","/projects/6449",1,0,181,181,181,181,2,0.01
"DELETE","/projects/6450",1,0,105,105,105,105,2,0.01
"DELETE","/projects/6451",1,0,66,66,66,66,2,0.01
"DELETE","/projects/6452",1,0,82,82,82,82,2,0.01
"DELETE","/projects/6453",1,0,83,83,83,83,2,0.01
"DELETE","/projects/6454",1,0,150,150,150,150,2,0.01
"DELETE","/projects/6455",1,0,32,32,32,32,2,0.01
"DELETE","/projects/6456",1,0,188,188,188,188,2,0.01
"DELETE","/projects/6457",1,0,83,83,83,83,2,0.01
"DELETE","/projects/6458",1,0,190,190,190,190,2,0.01
"DELETE","/projects/6459",1,0,127,127,127,127,2,0.01
"DELETE","/projects/6460",1,0,652,652,652,652,2,0.01
"DELETE","/projects/6461",1,0,532,532,532,532,2,0.01
"DELETE","/projects/6462",1,0,35,35,35,35,2,0.01
"DELETE","/projects/6463",1,0,243,243,243,243,2,0.01
"DELETE","/projects/6464",1,0,312,312,312,312,2,0.01
"DELETE","/projects/6465",1,0,297,297,297,297,2,0.01
"DELETE","/projects/6466",1,0,270,270,270,270,2,0.01
"DELETE","/projects/6467",1,0,374,374,374,374,2,0.01
"DELETE","/projects/6468",1,0,210,210,210,210,2,0.01
"DELETE","/projects/6469",1,0,121,121,121,121,2,0.01
"DELETE","/projects/6470",1,0,88,88,88,88,2,0.01
"DELETE","/projects/6471",1,0,87,87,87,87,2,0.01
"DELETE","/projects/6472",1,0,99,99,99,99,2,0.01
"DELETE","/projects/6473",1,0,98,98,98,98,2,0.01
"DELETE","/projects/6474",1,0,88,88,88,88,2,0.01
"DELETE","/projects/6475",1,0,88,88,88,88,2,0.01
"DELETE","/projects/6476",1,0,34,34,34,34,2,0.01
"DELETE","/projects/6477",1,0,97,97,97,97,2,0.01
"DELETE","/projects/6478",1,0,146,146,146,146,2,0.01
"DELETE","/projects/6479",1,0,232,232,232,232,2,0.01
"DELETE","/projects/6480",1,0,120,120,120,120,2,0.01
"DELETE","/projects/6481",1,0,133,133,133,133,2,0.01
"DELETE","/projects/6482",1,0,109,109,109,109,2,0.01
"DELETE","/projects/6483",1,0,97,97,97,97,2,0.01
"DELETE","/projects/6484",1,0,76,76,76,76,2,0.01
"DELETE","/projects/6485",1,0,126,126,126,126,2,0.01
"DELETE","/projects/6486",1,0,89,89,89,89,2,0.01
"DELETE","/projects/6487",1,0,118,118,118,118,2,0.01
"DELETE","/projects/6488",1,0,163,163,163,163,2,0.01
"DELETE","/projects/6489",1,0,539,539,539,539,2,0.01
"DELETE","/projects/6490",1,0,532,532,532,532,2,0.01
"DELETE","/projects/6491",1,0,518,518,518,518,2,0.01
"DELETE","/projects/6492",1,0,192,192,192,192,2,0.01
"DELETE","/projects/6493",1,0,276,276,276,276,2,0.01
"DELETE","/projects/6494",1,0,133,133,133,133,2,0.01
"DELETE","/projects/6495",1,0,469,469,469,469,2,0.01
"DELETE","/projects/6496",1,0,368,368,368,368,2,0.01
"DELETE","/projects/6497",1,0,473,473,473,473,2,0.01
"DELETE","/projects/6498",1,0,387,387,387,387,2,0.01
"DELETE","/projects/6499",1,0,199,199,199,199,2,0.01
"DELETE","/projects/6500",1,0,77,77,77,77,2,0.01
"DELETE","/projects/6501",1,0,77,77,77,77,2,0.01
"DELETE","/projects/6502",1,0,82,82,82,82,2,0.01
"DELETE","/projects/6503",1,0,70,70,70,70,2,0.01
"DELETE","/projects/6504",1,0,202,202,202,202,2,0.01
"DELETE","/projects/6505",1,0,211,211,211,211,2,0.01
"DELETE","/projects/6506",1,0,100,100,100,100,2,0.01
"DELETE","/projects/6507",1,0,66,66,66,66,2,0.01
"DELETE","/projects/6508",1,0,190,190,190,190,2,0.01
"DELETE","/projects/6509",1,0,232,232,232,232,2,0.01
"DELETE","/projects/6510",1,0,103,103,103,103,2,0.01
"DELETE","/projects/6511",1,0,175,175,175,175,2,0.01
"DELETE","/projects/6512",1,0,311,311,311,311,2,0.01
"DELETE","/projects/6513",1,0,255,255,255,255,2,0.01
"DELETE","/projects/6514",1,0,88,88,88,88,2,0.01
"DELETE","/projects/6515",1,0,119,119,119,119,2,0.01
"DELETE","/projects/6516",1,0,89,89,89,89,2,0.01
"DELETE","/projects/6517",1,0,120,120,120,120,2,0.01
"DELETE","/projects/6518",1,0,358,358,358,358,2,0.01
"DELETE","/projects/6519",1,0,179,179,179,179,2,0.01
"DELETE","/projects/6520",1,0,296,296,296,296,2,0.01
"DELETE","/projects/6521",1,0,77,77,77,77,2,0.01
"DELETE","/projects/6522",1,0,117,117,117,117,2,0.01
"DELETE","/projects/6523",1,0,82,82,82,82,2,0.01
"DELETE","/projects/6524",1,0,158,158,158,158,2,0.01
"DELETE","/projects/6525",1,0,117,117,117,117,2,0.01
"DELETE","/projects/6526",1,0,136,136,136,136,2,0.01
"DELETE","/projects/6527",1,0,110,110,110,110,2,0.01
"DELETE","/projects/6528",1,0,416,416,416,416,2,0.01
"DELETE","/projects/6529",1,0,255,255,255,255,2,0.01
"DELETE","/projects/6530",1,0,312,312,312,312,2,0.01
"DELETE","/projects/6531",1,0,345,345,345,345,2,0.01
"DELETE","/projects/6532",1,0,245,245,245,245,2,0.01
"DELETE","/projects/6533",1,0,249,249,249,249,2,0.01
"DELETE","/projects/6534",1,0,296,296,296,296,2,0.01
"DELETE","/projects/6535",1,0,494,494,494,494,2,0.01
"DELETE","/projects/6536",1,0,310,310,310,310,2,0.01
"DELETE","/projects/6537",1,0,128,128,128,128,2,0.01
"DELETE","/projects/6538",1,0,134,134,134,134,2,0.01
"DELETE","/projects/6539",1,0,151,151,151,151,2,0.01
"DELETE","/projects/6540",1,0,131,131,131,131,2,0.01
"DELETE","/projects/6541",1,0,112,112,112,112,2,0.01
"DELETE","/projects/6542",1,0,67,67,67,67,2,0.01
"DELETE","/projects/6543",1,0,269,269,269,269,2,0.01
"DELETE","/projects/6544",1,0,235,235,235,235,2,0.01
"DELETE","/projects/6545",1,0,280,280,280,280,2,0.01
"DELETE","/projects/6546",1,0,110,110,110,110,2,0.01
"DELETE","/projects/6547",1,0,66,66,66,66,2,0.01
"DELETE","/projects/6548",1,0,130,130,130,130,2,0.01
"DELETE","/projects/6549",1,0,386,386,386,386,2,0.01
"DELETE","/projects/6550",1,0,276,276,276,276,2,0.01
"DELETE","/projects/6551",1,0,333,333,333,333,2,0.01
"DELETE","/projects/6552",1,0,328,328,328,328,2,0.01
"DELETE","/projects/6553",1,0,376,376,376,376,2,0.01
"DELETE","/projects/6554",1,0,296,296,296,296,2,0.01
"DELETE","/projects/6555",1,0,273,273,273,273,2,0.01
"DELETE","/projects/6556",1,0,294,294,294,294,2,0.01
"DELETE","/projects/6557",1,0,200,200,200,200,2,0.01
"DELETE","/projects/6558",1,0,233,233,233,233,2,0.01
"DELETE","/projects/6559",1,0,68,68,68,68,2,0.01
"DELETE","/projects/6560",1,0,53,53,53,53,2,0.01
"DELETE","/projects/6561",1,0,143,143,143,143,2,0.01
"PUT","/projects/verify/6202",1,0,282,282,282,282,2,0.01
"PUT","/projects/verify/6203",1,0,414,414,414,414,2,0.01
"PUT","/projects/verify/6204",1,0,478,478,478,478,2,0.01
"PUT","/projects/verify/6205",1,0,462,462,462,462,2,0.01
"PUT","/projects/verify/6206",1,0,604,604,604,604,2,0.01
"PUT","/projects/verify/6207",1,0,574,574,574,574,2,0.01
"PUT","/projects/verify/6208",1,0,686,686,686,686,2,0.01
"PUT","/projects/verify/6209",1,0,719,719,719,719,2,0.01
"PUT","/projects/verify/6210",1,0,839,839,839,839,2,0.01
"PUT","/projects/verify/6211",1,0,796,796,796,796,2,0.01
"PUT","/projects/verify/6212",1,0,782,782,782,782,2,0.01
"PUT","/projects/verify/6213",1,0,736,736,736,736,2,0.01
"PUT","/projects/verify/6214",1,0,629,629,629,629,2,0.01
"PUT","/projects/verify/6215",1,0,653,653,653,653,2,0.01
"PUT","/projects/verify/6216",1,0,613,613,613,613,2,0.01
"PUT","/projects/verify/6217",1,0,646,646,646,646,2,0.01
"PUT","/projects/verify/6218",1,0,494,494,494,494,2,0.01
"PUT","/projects/verify/6219",1,0,658,658,658,658,2,0.01
"PUT","/projects/verify/6220",1,0,772,772,772,772,2,0.01
"PUT","/projects/verify/6221",1,0,809,809,809,809,2,0.01
"PUT","/projects/verify/6222",1,0,176,176,176,176,2,0.01
"PUT","/projects/verify/6223",1,0,113,113,113,113,2,0.01
"PUT","/projects/verify/6224",1,0,251,251,251,251,2,0.01
"PUT","/projects/verify/6225",1,0,264,264,264,264,2,0.01
"PUT","/projects/verify/6226",1,0,226,226,226,226,2,0.01
"PUT","/projects/verify/6227",1,0,408,408,408,408,2,0.01
"PUT","/projects/verify/6228",1,0,324,324,324,324,2,0.01
"PUT","/projects/verify/6229",1,0,325,325,325,325,2,0.01
"PUT","/projects/verify/6230",1,0,403,403,403,403,2,0.01
"PUT","/projects/verify/6231",1,0,614,614,614,614,2,0.01
"PUT","/projects/verify/6232",1,0,562,562,562,562,2,0.01
"PUT","/projects/verify/6233",1,0,576,576,576,576,2,0.01
"PUT","/projects/verify/6234",1,0,582,582,582,582,2,0.01
"PUT","/projects/verify/6235",1,0,549,549,549,549,2,0.01
"PUT","/projects/verify/6236",1,0,425,425,425,425,2,0.01
"PUT","/projects/verify/6237",1,0,520,520,520,520,2,0.01
"PUT","/projects/verify/6238",1,0,165,165,165,165,2,0.01
"PUT","/projects/verify/6239",1,0,363,363,363,363,2,0.01
"PUT","/projects/verify/6240",1,0,705,705,705,705,2,0.01
"PUT","/projects/verify/6241",1,0,314,314,314,314,2,0.01
"PUT","/projects/verify/6242",1,0,606,606,606,606,2,0.01
"PUT","/projects/verify/6243",1,0,495,495,495,495,2,0.01
"PUT","/projects/verify/6244",1,0,720,720,720,720,2,0.01
"PUT","/projects/verify/6245",1,0,280,280,280,280,2,0.01
"PUT","/projects/verify/6246",1,0,321,321,321,321,2,0.01
"PUT","/projects/verify/6247",1,0,397,397,397,397,2,0.01
"PUT","/projects/verify/6248",1,0,298,298,298,298,2,0.01
"PUT","/projects/verify/6249",1,0,363,363,363,363,2,0.01
"PUT","/projects/verify/6250",1,0,524,524,524,524,2,0.01
"PUT","/projects/verify/6251",1,0,452,452,452,452,2,0.01
"PUT","/projects/verify/6252",1,0,185,185,185,185,2,0.01
"PUT","/projects/verify/6253",1,0,243,243,243,243,2,0.01
"PUT","/projects/verify/6254",1,0,234,234,234,234,2,0.01
"PUT","/projects/verify/6255",1,0,420,420,420,420,2,0.01
"PUT","/projects/verify/6256",1,0,183,183,183,183,2,0.01
"PUT","/projects/verify/6257",1,0,249,249,249,249,2,0.01
"PUT","/projects/verify/6258",1,0,499,499,499,499,2,0.01
"PUT","/projects/verify/6259",1,0,360,360,360,360,2,0.01
"PUT","/projects/verify/6260",1,0,541,541,541,541,2,0.01
"PUT","/projects/verify/6261",1,0,1894,1894,1894,1894,2,0.01
"PUT","/projects/verify/6262",1,0,1996,1996,1996,1996,2,0.01
"PUT","/projects/verify/6263",1,0,2405,2405,2405,2405,2,0.01
"PUT","/projects/verify/6264",1,0,2239,2239,2239,2239,2,0.01
"PUT","/projects/verify/6265",1,0,2558,2558,2558,2558,2,0.01
"PUT","/projects/verify/6266",1,0,2783,2783,2783,2783,2,0.01
"PUT","/projects/verify/6267",1,0,2150,2150,2150,2150,2,0.01
"PUT","/projects/verify/6268",1,0,2115,2115,2115,2115,2,0.01
"PUT","/projects/verify/6269",1,0,1962,1962,1962,1962,2,0.01
"PUT","/projects/verify/6270",1,0,2249,2249,2249,2249,2,0.01
"PUT","/projects/verify/6271",1,0,1694,1694,1694,1694,2,0.01
"PUT","/projects/verify/6272",1,0,1789,1789,1789,1789,2,0.01
"PUT","/projects/verify/6273",1,0,1789,1789,1789,1789,2,0.01
"PUT","/projects/verify/6274",1,0,2202,2202,2202,2202,2,0.01
"PUT","/projects/verify/6275",1,0,1992,1992,1992,1992,2,0.01
"PUT","/projects/verify/6276",1,0,1819,1819,1819,1819,2,0.01
"PUT","/projects/verify/6277",1,0,973,973,973,973,2,0.01
"PUT","/projects/verify/6278",1,0,741,741,741,741,2,0.01
"PUT","/projects/verify/6279",1,0,522,522,522,522,2,0.01
"PUT","/projects/verify/6280",1,0,504,504,504,504,2,0.01
"PUT","/projects/verify/6281",1,0,507,507,507,507,2,0.01
"PUT","/projects/verify/6282",1,0,285,285,285,285,2,0.01
"PUT","/projects/verify/6283",1,0,431,431,431,431,2,0.01
"PUT","/projects/verify/6284",1,0,710,710,710,710,2,0.01
"PUT","/projects/verify/6285",1,0,412,412,412,412,2,0.01
"PUT","/projects/verify/6286",1,0,781,781,781,781,2,0.01
"PUT","/projects/verify/6287",1,0,637,637,637,637,2,0.01
"PUT","/projects/verify/6288",1,0,642,642,642,642,2,0.01
"PUT","/projects/verify/6289",1,0,668,668,668,668,2,0.01
"PUT","/projects/verify/6290",1,0,633,633,633,633,2,0.01
"PUT","/projects/verify/6291",1,0,397,397,397,397,2,0.01
"PUT","/projects/verify/6292",1,0,428,428,428,428,2,0.01
"PUT","/projects/verify/6293",1,0,409,409,409,409,2,0.01
"PUT","/projects/verify/6294",1,0,481,481,481,481,2,0.01
"PUT","/projects/verify/6295",1,0,643,643,643,643,2,0.01
"PUT","/projects/verify/6296",1,0,757,757,757,757,2,0.01
"PUT","/projects/verify/6297",1,0,826,826,826,826,2,0.01
"PUT","/projects/verify/6298",1,0,913,913,913,913,2,0.01
"PUT","/projects/verify/6299",1,0,817,817,817,817,2,0.01
"PUT","/projects/verify/6300",1,0,1413,1413,1413,1413,2,0.01
"PUT","/projects/verify/6301",1,0,681,681,681,681,2,0.01
"PUT","/projects/verify/6302",1,0,401,401,401,401,2,0.01
"PUT","/projects/verify/6303",1,0,331,331,331,331,2,0.01
"PUT","/projects/verify/6304",1,0,727,727,727,727,2,0.01
"PUT","/projects/verify/6305",1,0,731,731,731,731,2,0.01
"PUT","/projects/verify/6306",1,0,974,974,974,974,2,0.01
"PUT","/projects/verify/6307",1,0,466,466,466,466,2,0.01
"PUT","/projects/verify/6308",1,0,893,893,893,893,2,0.01
"PUT","/projects/verify/6309",1,0,1045,1045,1045,1045,2,0.01
"PUT","/projects/verify/6310",1,0,1086,1086,1086,1086,2,0.01
"PUT","/projects/verify/6311",1,0,1109,1109,1109,1109,2,0.01
"PUT","/projects/verify/6312",1,0,1212,1212,1212,1212,2,0.01
"PUT","/projects/verify/6313",1,0,1152,1152,1152,1152,2,0.01
"PUT","/projects/verify/6314",1,0,1064,1064,1064,1064,2,0.01
"PUT","/projects/verify/6315",1,0,1439,1439,1439,1439,2,0.01
"PUT","/projects/verify/6316",1,0,1115,1115,1115,1115,2,0.01
"PUT","/projects/verify/6317",1,0,1511,1511,1511,1511,2,0.01
"PUT","/projects/verify/6318",1,0,1487,1487,1487,1487,2,0.01
"PUT","/projects/verify/6319",1,0,1212,1212,1212,1212,2,0.01
"PUT","/projects/verify/6320",1,0,780,780,780,780,2,0.01
"PUT","/projects/verify/6321",1,0,315,315,315,315,2,0.01
"PUT","/projects/verify/6322",1,0,296,296,296,296,2,0.01
"PUT","/projects/verify/6323",1,0,142,142,142,142,2,0.01
"PUT","/projects/verify/6324",1,0,107,107,107,107,2,0.01
"PUT","/projects/verify/6325",1,0,131,131,131,131,2,0.01
"PUT","/projects/verify/6326",1,0,239,239,239,239,2,0.01
"PUT","/projects/verify/6327",1,0,104,104,104,104,2,0.01
"PUT","/projects/verify/6328",1,0,331,331,331,331,2,0.01
"PUT","/projects/verify/6329",1,0,1375,1375,1375,1375,2,0.01
"PUT","/projects/verify/6330",1,0,1357,1357,1357,1357,2,0.01
"PUT","/projects/verify/6331",1,0,1083,1083,1083,1083,2,0.01
"PUT","/projects/verify/6332",1,0,1143,1143,1143,1143,2,0.01
"PUT","/projects/verify/6333",1,0,1372,1372,1372,1372,2,0.01
"PUT","/projects/verify/6334",1,0,1146,1146,1146,1146,2,0.01
"PUT","/projects/verify/6335",1,0,1157,1157,1157,1157,2,0.01
"PUT","/projects/verify/6336",1,0,1192,1192,1192,1192,2,0.01
"PUT","/projects/verify/6337",1,0,1187,1187,1187,1187,2,0.01
"PUT","/projects/verify/6338",1,0,1523,1523,1523,1523,2,0.01
"PUT","/projects/verify/6339",1,0,1443,1443,1443,1443,2,0.01
"PUT","/projects/verify/6340",1,0,1443,1443,1443,1443,2,0.01
"PUT","/projects/verify/6341",1,0,1286,1286,1286,1286,2,0.01
"PUT","/projects/verify/6342",1,0,804,804,804,804,2,0.01
"PUT","/projects/verify/6343",1,0,288,288,288,288,2,0.01
"PUT","/projects/verify/6344",1,0,252,252,252,252,2,0.01
"PUT","/projects/verify/6345",1,0,133,133,133,133,2,0.01
"PUT","/projects/verify/6346",1,0,120,120,120,120,2,0.01
"PUT","/projects/verify/6347",1,0,102,102,102,102,2,0.01
"PUT","/projects/verify/6348",1,0,201,201,201,201,2,0.01
"PUT","/projects/verify/6349",1,0,274,274,274,274,2,0.01
"PUT","/projects/verify/6350",1,0,320,320,320,320,2,0.01
"PUT","/projects/verify/6351",1,0,259,259,259,259,2,0.01
"PUT","/projects/verify/6352",1,0,351,351,351,351,2,0.01
"PUT","/projects/verify/6353",1,0,524,524,524,524,2,0.01
"PUT","/projects/verify/6354",1,0,408,408,408,408,2,0.01
"PUT","/projects/verify/6355",1,0,514,514,514,514,2,0.01
"PUT","/projects/verify/6356",1,0,1105,1105,1105,1105,2,0.01
"PUT","/projects/verify/6357",1,0,986,986,986,986,2,0.01
"PUT","/projects/verify/6358",1,0,1179,1179,1179,1179,2,0.01
"PUT","/projects/verify/6359",1,0,941,941,941,941,2,0.01
"PUT","/projects/verify/6360",1,0,912,912,912,912,2,0.01
"PUT","/projects/verify/6361",1,0,681,681,681,681,2,0.01
"PUT","/projects/verify/6362",1,0,824,824,824,824,2,0.01
"PUT","/projects/verify/6363",1,0,761,761,761,761,2,0.01
"PUT","/projects/verify/6364",1,0,812,812,812,812,2,0.01
"PUT","/projects/verify/6365",1,0,794,794,794,794,2,0.01
"PUT","/projects/verify/6366",1,0,719,719,719,719,2,0.01
"PUT","/projects/verify/6367",1,0,716,716,716,716,2,0.01
"PUT","/projects/verify/6368",1,0,509,509,509,509,2,0.01
"PUT","/projects/verify/6369",1,0,602,602,602,602,2,0.01
"PUT","/projects/verify/6370",1,0,440,440,440,440,2,0.01
"PUT","/projects/verify/6371",1,0,448,448,448,448,2,0.01
"PUT","/projects/verify/6372",1,0,208,208,208,208,2,0.01
"PUT","/projects/verify/6373",1,0,218,218,218,218,2,0.01
"PUT","/projects/verify/6374",1,0,220,220,220,220,2,0.01
"PUT","/projects/verify/6375",1,0,268,268,268,268,2,0.01
"PUT","/projects/verify/6376",1,0,133,133,133,133,2,0.01
"PUT","/projects/verify/6377",1,0,209,209,209,209,2,0.01
"PUT","/projects/verify/6378",1,0,97,97,97,97,2,0.01
"PUT","/projects/verify/6379",1,0,400,400,400,400,2,0.01
"PUT","/projects/verify/6380",1,0,293,293,293,293,2,0.01
"PUT","/projects/verify/6381",1,0,515,515,515,515,2,0.01
"PUT","/projects/verify/6382",1,0,573,573,573,573,2,0.01
"PUT","/projects/verify/6383",1,0,601,601,601,601,2,0.01
"PUT","/projects/verify/6384",1,0,521,521,521,521,2,0.01
"PUT","/projects/verify/6385",1,0,655,655,655,655,2,0.01
"PUT","/projects/verify/6386",1,0,707,707,707,707,2,0.01
"PUT","/projects/verify/6387",1,0,578,578,578,578,2,0.01
"PUT","/projects/verify/6388",1,0,543,543,543,543,2,0.01
"PUT","/projects/verify/6389",1,0,580,580,580,580,2,0.01
"PUT","/projects/verify/6390",1,0,364,364,364,364,2,0.01
"PUT","/projects/verify/6391",1,0,515,515,515,515,2,0.01
"PUT","/projects/verify/6392",1,0,280,280,280,280,2,0.01
"PUT","/projects/verify/6393",1,0,219,219,219,219,2,0.01
"PUT","/projects/verify/6394",1,0,252,252,252,252,2,0.01
"PUT","/projects/verify/6395",1,0,235,235,235,235,2,0.01
"PUT","/projects/verify/6396",1,0,449,449,449,449,2,0.01
"PUT","/projects/verify/6397",1,0,222,222,222,222,2,0.01
"PUT","/projects/verify/6398",1,0,182,182,182,182,2,0.01
"PUT","/projects/verify/6399",1,0,109,109,109,109,2,0.01
"PUT","/projects/verify/6400",1,0,360,360,360,360,2,0.01
"PUT","/projects/verify/6401",1,0,236,236,236,236,2,0.01
"PUT","/projects/verify/6402",1,0,312,312,312,312,2,0.01
"PUT","/projects/verify/6403",1,0,290,290,290,290,2,0.01
"PUT","/projects/verify/6404",1,0,293,293,293,293,2,0.01
"PUT","/projects/verify/6405",1,0,301,301,301,301,2,0.01
"PUT","/projects/verify/6406",1,0,520,520,520,520,2,0.01
"PUT","/projects/verify/6407",1,0,542,542,542,542,2,0.01
"PUT","/projects/verify/6408",1,0,380,380,380,380,2,0.01
"PUT","/projects/verify/6409",1,0,264,264,264,264,2,0.01
"PUT","/projects/verify/6410",1,0,341,341,341,341,2,0.01
"PUT","/projects/verify/6411",1,0,315,315,315,315,2,0.01
"PUT","/projects/verify/6412",1,0,316,316,316,316,2,0.01
"PUT","/projects/verify/6413",1,0,111,111,111,111,2,0.01
"PUT","/projects/verify/6414",1,0,381,381,381,381,2,0.01
"PUT","/projects/verify/6415",1,0,172,172,172,172,2,0.01
"PUT","/projects/verify/6416",1,0,158,158,158,158,2,0.01
"PUT","/projects/verify/6417",1,0,204,204,204,204,2,0.01
"PUT","/projects/verify/6418",1,0,530,530,530,530,2,0.01
"PUT","/projects/verify/6419",1,0,590,590,590,590,2,0.01
"PUT","/projects/verify/6420",1,0,396,396,396,396,2,0.01
"PUT","/projects/verify/6421",1,0,812,812,812,812,2,0.01
"PUT","/projects/verify/6422",1,0,567,567,567,567,2,0.01
"PUT","/projects/verify/6423",1,0,665,665,665,665,2,0.01
"PUT","/projects/verify/6424",1,0,364,364,364,364,2,0.01
"PUT","/projects/verify/6425",1,0,284,284,284,284,2,0.01
"PUT","/projects/verify/6426",1,0,109,109,109,109,2,0.01
"PUT","/projects/verify/6427",1,0,122,122,122,122,2,0.01
"PUT","/projects/verify/6428",1,0,100,100,100,100,2,0.01
"PUT","/projects/verify/6429",1,0,596,596,596,596,2,0.01
"PUT","/projects/verify/6430",1,0,646,646,646,646,2,0.01
"PUT","/projects/verify/6431",1,0,563,563,563,563,2,0.01
"PUT","/projects/verify/6432",1,0,631,631,631,631,2,0.01
"PUT","/projects/verify/6433",1,0,618,618,618,618,2,0.01
"PUT","/projects/verify/6434",1,0,577,577,577,577,2,0.01
"PUT","/projects/verify/6435",1,0,619,619,619,619,2,0.01
"PUT","/projects/verify/6436",1,0,725,725,725,725,2,0.01
"PUT","/projects/verify/6437",1,0,164,164,164,164,2,0.01
"PUT","/projects/verify/6438",1,0,182,182,182,182,2,0.01
"PUT","/projects/verify/6439",1,0,198,198,198,198,2,0.01
"PUT","/projects/verify/6440",1,0,383,383,383,383,2,0.01
"PUT","/projects/verify/6441",1,0,106,106,106,106,2,0.01
"PUT","/projects/verify/6442",1,0,65,65,65,65,2,0.01
"PUT","/projects/verify/6443",1,0,113,113,113,113,2,0.01
"PUT","/projects/verify/6444",1,0,131,131,131,131,2,0.01
"PUT","/projects/verify/6445",1,0,138,138,138,138,2,0.01
"PUT","/projects/verify/6446",1,0,271,271,271,271,2,0.01
"PUT","/projects/verify/6447",1,0,274,274,274,274,2,0.01
"PUT","/projects/verify/6448",1,0,234,234,234,234,2,0.01
"PUT","/projects/verify/6449",1,0,234,234,234,234,2,0.01
"PUT","/projects/verify/6450",1,0,312,312,312,312,2,0.01
"PUT","/projects/verify/6451",1,0,383,383,383,383,2,0.01
"PUT","/projects/verify/6452",1,0,279,279,279,279,2,0.01
"PUT","/projects/verify/6453",1,0,269,269,269,269,2,0.01
"PUT","/projects/verify/6454",1,0,373,373,373,373,2,0.01
"PUT","/projects/verify/6455",1,0,320,320,320,320,2,0.01
"PUT","/projects/verify/6456",1,0,110,110,110,110,2,0.01
"PUT","/projects/verify/6457",1,0,249,249,249,249,2,0.01
"PUT","/projects/verify/6458",1,0,380,380,380,380,2,0.01
"PUT","/projects/verify/6459",1,0,341,341,341,341,2,0.01
"PUT","/projects/verify/6460",1,0,340,340,340,340,2,0.01
"PUT","/projects/verify/6461",1,0,337,337,337,337,2,0.01
"PUT","/projects/verify/6462",1,0,809,809,809,809,2,0.01
"PUT","/projects/verify/6463",1,0,221,221,221,221,2,0.01
"PUT","/projects/verify/6464",1,0,470,470,470,470,2,0.01
"PUT","/projects/verify/6465",1,0,568,568,568,568,2,0.01
"PUT","/projects/verify/6466",1,0,508,508,508,508,2,0.01
"PUT","/projects/verify/6467",1,0,448,448,448,448,2,0.01
"PUT","/projects/verify/6468",1,0,597,597,597,597,2,0.01
"PUT","/projects/verify/6469",1,0,575,575,575,575,2,0.01
"PUT","/projects/verify/6470",1,0,567,567,567,567,2,0.01
"PUT","/projects/verify/6471",1,0,381,381,381,381,2,0.01
"PUT","/projects/verify/6472",1,0,377,377,377,377,2,0.01
"PUT","/projects/verify/6473",1,0,329,329,329,329,2,0.01
"PUT","/projects/verify/6474",1,0,264,264,264,264,2,0.01
"PUT","/projects/verify/6475",1,0,140,140,140,140,2,0.01
"PUT","/projects/verify/6476",1,0,276,276,276,276,2,0.01
"PUT","/projects/verify/6477",1,0,111,111,111,111,2,0.01
"PUT","/projects/verify/6478",1,0,85,85,85,85,2,0.01
"PUT","/projects/verify/6479",1,0,307,307,307,307,2,0.01
"PUT","/projects/verify/6480",1,0,386,386,386,386,2,0.01
"PUT","/projects/verify/6481",1,0,331,331,331,331,2,0.01
"PUT","/projects/verify/6482",1,0,197,197,197,197,2,0.01
"PUT","/projects/verify/6483",1,0,209,209,209,209,2,0.01
"PUT","/projects/verify/6484",1,0,163,163,163,163,2,0.01
"PUT","/projects/verify/6485",1,0,183,183,183,183,2,0.01
"PUT","/projects/verify/6486",1,0,190,190,190,190,2,0.01
"PUT","/projects/verify/6487",1,0,201,201,201,201,2,0.01
"PUT","/projects/verify/6488",1,0,662,662,662,662,2,0.01
"PUT","/projects/verify/6489",1,0,499,499,499,499,2,0.01
"PUT","/projects/verify/6490",1,0,384,384,384,384,2,0.01
"PUT","/projects/verify/6491",1,0,320,320,320,320,2,0.01
"PUT","/projects/verify/6492",1,0,807,807,807,807,2,0.01
"PUT","/projects/verify/6493",1,0,784,784,784,784,2,0.01
"PUT","/projects/verify/6494",1,0,804,804,804,804,2,0.01
"PUT","/projects/verify/6495",1,0,863,863,863,863,2,0.01
"PUT","/projects/verify/6496",1,0,551,551,551,551,2,0.01
"PUT","/projects/verify/6497",1,0,569,569,569,569,2,0.01
"PUT","/projects/verify/6498",1,0,548,548,548,548,2,0.01
"PUT","/projects/verify/6499",1,0,577,577,577,577,2,0.01
"PUT","/projects/verify/6500",1,0,463,463,463,463,2,0.01
"PUT","/projects/verify/6501",1,0,162,162,162,162,2,0.01
"PUT","/projects/verify/6502",1,0,201,201,201,201,2,0.01
"PUT","/projects/verify/6503",1,0,122,122,122,122,2,0.01
"PUT","/projects/verify/6504",1,0,217,217,217,217,2,0.01
"PUT","/projects/verify/6505",1,0,176,176,176,176,2,0.01
"PUT","/projects/verify/6506",1,0,87,87,87,87,2,0.01
"PUT","/projects/verify/6507",1,0,98,98,98,98,2,0.01
"PUT","/projects/verify/6508",1,0,498,498,498,498,2,0.01
"PUT","/projects/verify/6509",1,0,589,589,589,589,2,0.01
"PUT","/projects/verify/6510",1,0,381,381,381,381,2,0.01
"PUT","/projects/verify/6511",1,0,320,320,320,320,2,0.01
"PUT","/projects/verify/6512",1,0,445,445,445,445,2,0.01
"PUT","/projects/verify/6513",1,0,218,218,218,218,2,0.01
"PUT","/projects/verify/6514",1,0,239,239,239,239,2,0.01
"PUT","/projects/verify/6515",1,0,189,189,189,189,2,0.01
"PUT","/projects/verify/6516",1,0,242,242,242,242,2,0.01
"PUT","/projects/verify/6517",1,0,232,232,232,232,2,0.01
"PUT","/projects/verify/6518",1,0,209,209,209,209,2,0.01
"PUT","/projects/verify/6519",1,0,386,386,386,386,2,0.01
"PUT","/projects/verify/6520",1,0,228,228,228,228,2,0.01
"PUT","/projects/verify/6521",1,0,287,287,287,287,2,0.01
"PUT","/projects/verify/6522",1,0,211,211,211,211,2,0.01
"PUT","/projects/verify/6523",1,0,233,233,233,233,2,0.01
"PUT","/projects/verify/6524",1,0,170,170,170,170,2,0.01
"PUT","/projects/verify/6525",1,0,243,243,243,243,2,0.01
"PUT","/projects/verify/6526",1,0,194,194,194,194,2,0.01
"PUT","/projects/verify/6527",1,0,284,284,284,284,2,0.01
"PUT","/projects/verify/6528",1,0,393,393,393,393,2,0.01
"PUT","/projects/verify/6529",1,0,206,206,206,206,2,0.01
"PUT","/projects/verify/6530",1,0,279,279,279,279,2,0.01
"PUT","/projects/verify/6531",1,0,545,545,545,545,2,0.01
"PUT","/projects/verify/6532",1,0,359,359,359,359,2,0.01
"PUT","/projects/verify/6533",1,0,368,368,368,368,2,0.01
"PUT","/projects/verify/6534",1,0,517,517,517,517,2,0.01
"PUT","/projects/verify/6535",1,0,679,679,679,679,2,0.01
"PUT","/projects/verify/6536",1,0,691,691,691,691,2,0.01
"PUT","/projects/verify/6537",1,0,809,809,809,809,2,0.01
"PUT","/projects/verify/6538",1,0,612,612,612,612,2,0.01
"PUT","/projects/verify/6539",1,0,598,598,598,598,2,0.01
"PUT","/projects/verify/6540",1,0,200,200,200,200,2,0.01
"PUT","/projects/verify/6541",1,0,266,266,266,266,2,0.01
"PUT","/projects/verify/6542",1,0,236,236,236,236,2,0.01
"PUT","/projects/verify/6543",1,0,424,424,424,424,2,0.01
"PUT","/projects/verify/6544",1,0,123,123,123,123,2,0.01
"PUT","/projects/verify/6545",1,0,206,206,206,206,2,0.01
"PUT","/projects/verify/6546",1,0,210,210,210,210,2,0.01
"PUT","/projects/verify/6547",1,0,181,181,181,181,2,0.01
"PUT","/projects/verify/6548",1,0,293,293,293,293,2,0.01
"PUT","/projects/verify/6549",1,0,378,378,378,378,2,0.01
"PUT","/projects/verify/6550",1,0,444,444,444,444,2,0.01
"PUT","/projects/verify/6551",1,0,744,744,744,744,2,0.01
"PUT","/projects/verify/6552",1,0,696,696,696,696,2,0.01
"PUT","/projects/verify/6553",1,0,1036,1036,1036,1036,2,0.01
"PUT","/projects/verify/6554",1,0,763,763,763,763,2,0.01
"PUT","/projects/verify/6555",1,0,686,686,686,686,2,0.01
"PUT","/projects/verify/6556",1,0,836,836,836,836,2,0.01
"PUT","/projects/verify/6557",1,0,726,726,726,726,2,0.01
"PUT","/projects/verify/6558",1,0,852,852,852,852,2,0.01
"PUT","/projects/verify/6559",1,0,783,783,783,783,2,0.01
"PUT","/projects/verify/6560",1,0,621,621,621,621,2,0.01
"PUT","/projects/verify/6561",1,0,291,291,291,291,2,0.01
"PUT","/user",20,0,94,111,12,308,279,0.21
"None","Aggregated",1100,0,270,372,12,2783,86,11.70